bib,name,dob,rfid
101,Alice Arnold,2010-06-15,RFID101
102,Bob Bentley,2008-03-22,RFID102
103,Carla Cruz,1995-11-08,RFID103
104,Derek Dalton,1982-07-30,RFID104
105,Ella Everett,2000-01-19,RFID105
106,Fred Farmer,1977-04-14,RFID106
107,Grace Geller,1988-09-10,RFID107
108,Hank Holloway,1969-12-03,RFID108
109,Ivy Ingram,1990-02-25,RFID109
110,Jack Jefferson,2004-10-05,RFID110
111,Karen Keene,2012-08-11,RFID111
112,Liam Lowell,2006-05-27,RFID112
113,Mona Marks,1999-07-07,RFID113
114,Ned Novak,1993-06-13,RFID114
115,Olive Owens,2003-09-29,RFID115
116,Paul Park,1985-02-20,RFID116
117,Queenie Quill,1996-03-03,RFID117
118,Rick Rowe,1972-06-18,RFID118
119,Sara Stone,1980-12-12,RFID119
120,Tommy Trent,1998-04-01,RFID120
121,Ursula Underhill,1992-10-10,RFID121
122,Vincent Vega,2009-01-25,RFID122
123,Wendy West,2005-11-17,RFID123
124,Xander Xu,1983-08-02,RFID124
125,Yasmin York,2001-12-22,RFID125
126,Zeke Zander,1970-07-09,RFID126
127,Abby Adler,2011-02-14,RFID127
128,Billie Banner,2007-05-08,RFID128
129,Clint Cassidy,1997-01-30,RFID129
130,Debbie Dawson,1986-09-23,RFID130
131,Ethan Elms,2002-03-13,RFID131
132,Farah Finch,1994-10-27,RFID132
133,Gary Gomez,1981-06-06,RFID133
134,Holly Hunt,1979-02-09,RFID134
135,Isaac Irwin,1991-08-20,RFID135
136,Jenny Jones,2000-12-01,RFID136
137,Kyle Kingston,2013-07-12,RFID137
138,Linda Lopez,1998-11-05,RFID138
139,Matt Monroe,1975-01-01,RFID139
140,Nina North,2004-02-28,RFID140
141,Oscar Owens,1987-06-17,RFID141
142,Penny Pratt,1990-05-25,RFID142
143,Quentin Quick,1965-09-09,RFID143
144,Rita Reynolds,1999-04-04,RFID144
145,Steve Steele,1978-11-30,RFID145
146,Tina Todd,1984-08-14,RFID146
147,Umar Usman,2006-03-22,RFID147
148,Valerie Vane,2003-06-01,RFID148
149,Will Waters,1995-09-17,RFID149
150,Xenia Xavier,2008-12-25,RFID150
